{
	"schemaVersion": 1,
	"id": "the-music-player",
	"version": "${version}",
	"name": "THE Music player",
	"description": "This is an example description! Tell everyone what your mod is about!",
	"authors": [
		"Me!"
	],
	"contact": {
		"homepage": "https://fabricmc.net/",
		"sources": "https://github.com/FabricMC/fabric-example-mod"
	},
	"license": "CC0-1.0",
	"icon": "assets/the-music-player/icon.png",
	"environment": "*",
	"entrypoints": {
		"main": [
			"the.musicplayer.THEMusicPlayer"
		],
		"fabric-datagen": [
			"the.musicplayer.THEMusicPlayerDataGenerator"
		]
	},
	"mixins": [
		"the-music-player.mixins.json"
	],
	"depends": {
		"fabricloader": ">=0.15.7",
		"minecraft": "~1.18.2",
		"java": ">=17",
		"fabric-api": "*"
	},
	"suggests": {
		"another-mod": "*"
	}
}